First Name,Last Name,Email
Natalie,Fyndon,nfyndon0@tamu.edu
Kirksley,Larkings,klarkings1@w3.org
Arthur,Klemencic,aklemencic2@sitemeter.com
Marta,O'Scandall,moscandall3@bigcartel.com
Maira,Jackalin,mjackalin4@gizmodo.com
Chuck,Lathwood,clathwood5@multiply.com
Aurora,Gianotti,agianotti6@shareasale.com
Violetta,Gethings,vgethings7@lulu.com
Peadar,Mobley,pmobley8@acquirethisname.com
Karie,Kohen,kkohen9@theguardian.com
Cesar,Wellbelove,cwellbelovea@answers.com