First Name,Last Name,Email
Natale,Fyndon,nfyndon0@tamu.edu
Kingsley,Larkings,klarkings1@w3.org
Artur,Klemencic,aklemencic2@sitemeter.com
Mart,O'Scandall,moscandall3@bigcartel.com
Maiga,Jackalin,mjackalin4@gizmodo.com
Chuck,Lathwood,clathwood5@multiply.com
Aurelea,Gianotti,agianotti6@shareasale.com
Viola,Gethings,vgethings7@lulu.com
Peadar,Mobley,pmobley8@acquirethisname.com
Karie,Kohen,kkohen9@theguardian.com
Casar,Wellbelove,cwellbelovea@answers.com